USR_ID,USR_PW,USR_NAME,USR_SNM,1ST_YR,1ST_USR_CPS,1ST_USR_LPS,1ST_USR_VPS,2ND_YR,2ND_USR_CPS,2ND_USR_LPS,2ND_USR_VPS,3RD_YR,3RD_USR_CPS,3RD_USR_LPS,3RD_USR_VPS,4TH_YR,4TH_USR_CPS,4TH_USR_LPS,4TH_USR_VPS,SCR_EST_1ST,SCR_EST_2ND,SCR_EST_3RD,SCR_EST_4TH
1111,1111,이순신,부산대학교,2021,200000,10,30,2022,100000,15,20,2023,100000,10,60,2024,300000,30,70,72.56452,70.50658,72.50256,71.54142
2222,2222,홍길동,경기대학교,2018,400000,20,50,2019,390000,23,60,2020,290000,30,72,2021,500000,40,90,69.18368,68.45091,68.64421,69.042816
3333,3333,엄준식,아주대학교,2015,182703,6,109,2016,206799,6,105,2017,204191,5,86,2018,202412,5,94,47.935184,45.82753,44.554478,71.89708
4444,4444,강승민,동국대학교,2020,0,0,0,2021,0,1,0,2022,0,1,3,2023,0,2,5,70.29067,68.99276,69.90335,70.71179
